rank,prev_rank,name,league,off,def,spi
1,1,Manchester City,Barclays Premier League,3.2,0.22,94.85
2,2,Liverpool,Barclays Premier League,2.95,0.2,93.98
3,3,Bayern Munich,German Bundesliga,3.4,0.45,93.12
4,4,Real Madrid,Spanish Primera Division,2.71,0.34,90.26
5,6,Barcelona,Spanish Primera Division,2.94,0.47,90.04
6,5,Paris Saint-Germain,French Ligue 1,3.22,0.7,88.74
7,7,RB Leipzig,German Bundesliga,2.66,0.46,88.0
8,9,Borussia Dortmund,German Bundesliga,2.69,0.58,85.99
9,8,Chelsea,Barclays Premier League,2.43,0.46,85.57
10,10,Atletico Madrid,Spanish Primera Division,2.05,0.3,84.8
11,11,Juventus,Italy Serie A,2.45,0.57,83.58
12,15,Manchester United,Barclays Premier League,2.19,0.47,82.6
13,13,Atalanta,Italy Serie A,2.54,0.73,81.71
14,19,Sevilla FC,Spanish Primera Division,2.12,0.49,81.36
15,17,Wolverhampton,Barclays Premier League,2.05,0.45,81.34
16,14,Leicester City,Barclays Premier League,2.18,0.54,80.96
17,16,Bayer Leverkusen,German Bundesliga,2.39,0.67,80.91
18,12,Getafe,Spanish Primera Division,1.84,0.36,80.37
19,22,Internazionale,Italy Serie A,2.31,0.66,80.22
20,18,Tottenham Hotspur,Barclays Premier League,2.23,0.66,79.11
21,21,Everton,Barclays Premier League,2.15,0.61,78.94
22,20,Ajax,Dutch Eredivisie,2.61,0.97,77.81
23,28,Arsenal,Barclays Premier League,2.18,0.71,77.08
24,29,Real Sociedad,Spanish Primera Division,2.15,0.7,77.06
25,24,Lazio,Italy Serie A,2.2,0.73,77.05
26,26,Zenit St Petersburg,Russian Premier Liga,2.03,0.64,76.67
27,23,FC Salzburg,Austrian T-Mobile Bundesliga,2.8,1.16,76.64
28,31,AS Roma,Italy Serie A,2.17,0.76,75.92
29,25,FC Porto,Portuguese Liga,2.02,0.68,75.61
30,27,Napoli,Italy Serie A,2.14,0.75,75.59
31,30,Borussia Monchengladbach,German Bundesliga,2.2,0.81,75.27
32,33,Olympiacos,Greek Super League,2.0,0.72,74.14
33,32,Benfica,Portuguese Liga,2.09,0.79,74.03
34,34,Villarreal,Spanish Primera Division,2.15,0.84,73.78
35,35,Sheffield United,Barclays Premier League,1.78,0.59,73.71
36,39,Lyon,French Ligue 1,1.81,0.63,73.16
37,36,AC Milan,Italy Serie A,1.93,0.73,72.8
38,40,VfL Wolfsburg,German Bundesliga,1.97,0.77,72.6
39,38,Eintracht Frankfurt,German Bundesliga,2.07,0.86,72.24
40,37,Real Betis,Spanish Primera Division,1.99,0.81,72.02
41,46,Southampton,Barclays Premier League,1.95,0.78,71.96
42,41,Flamengo,Brasileiro Série A,2.08,0.88,71.72
43,48,Club Brugge,Belgian Jupiler League,1.85,0.76,70.84
44,45,Celtic,Scottish Premiership,2.15,0.98,70.73
45,44,Brighton and Hove Albion,Barclays Premier League,1.9,0.79,70.68
46,42,Athletic Bilbao,Spanish Primera Division,1.69,0.64,70.62
47,52,Shakhtar Donetsk,UEFA Europa League,2.14,1.0,70.21
48,54,Burnley,Barclays Premier League,1.84,0.77,70.18
49,43,Watford,Barclays Premier League,1.86,0.79,70.07
50,64,FC Cologne,German Bundesliga,2.02,0.91,70.06
51,49,Marseille,French Ligue 1,1.69,0.68,69.59
52,61,Granada,Spanish Primera Division,1.71,0.71,69.48
53,51,Celta Vigo,Spanish Primera Division,1.81,0.78,69.45
54,57,TSG Hoffenheim,German Bundesliga,2.19,1.07,69.45
55,53,Valencia,Spanish Primera Division,2.02,0.94,69.4
56,47,Osasuna,Spanish Primera Division,1.82,0.81,69.03
57,59,Crystal Palace,Barclays Premier League,1.74,0.74,68.96
58,55,Espanyol,Spanish Primera Division,1.83,0.83,68.67
59,60,Lille,French Ligue 1,1.72,0.75,68.66
60,50,Eibar,Spanish Primera Division,1.7,0.74,68.43
61,65,Leganes,Spanish Primera Division,1.58,0.65,68.2
62,58,AS Monaco,French Ligue 1,1.96,0.95,68.07
63,62,Fiorentina,Italy Serie A,1.82,0.85,67.96
64,67,LASK Linz,Austrian T-Mobile Bundesliga,2.0,1.02,67.32
65,63,FC Krasnodar,Russian Premier Liga,1.77,0.84,67.26
66,68,Dynamo Kiev,UEFA Europa League,1.97,1.01,67.02
67,71,Alavés,Spanish Primera Division,1.72,0.81,66.8
68,56,Schalke 04,German Bundesliga,1.81,0.89,66.76
69,73,Basel,Swiss Raiffeisen Super League,2.03,1.08,66.46
70,69,Palmeiras,Brasileiro Série A,1.67,0.79,66.46
71,75,River Plate,Argentina Primera Division,1.76,0.87,66.24
72,70,Leeds United,English League Championship,1.77,0.89,66.04
73,77,1. FC Union Berlin,German Bundesliga,1.82,0.94,65.74
74,66,PAOK Salonika,Greek Super League,1.82,0.94,65.73
75,80,Braga,Portuguese Liga,1.85,0.97,65.65
76,79,West Ham United,Barclays Premier League,1.91,1.02,65.53
77,74,Dinamo Zagreb,UEFA Champions League,2.05,1.14,65.45
78,72,Brentford,English League Championship,1.72,0.87,65.44
79,76,Santos,Brasileiro Série A,1.6,0.78,65.25
80,83,PSV,Dutch Eredivisie,2.0,1.12,65.0
81,78,Strasbourg,French Ligue 1,1.58,0.78,64.79
82,92,Galatasaray,Turkish Turkcell Super Lig,1.83,0.99,64.67
83,81,Verona,Italy Serie A,1.67,0.86,64.63
84,84,CSKA Moscow,Russian Premier Liga,1.63,0.84,64.35
85,85,AZ,Dutch Eredivisie,1.89,1.06,64.23
86,89,Stade Rennes,French Ligue 1,1.52,0.76,64.0
87,93,Levante,Spanish Primera Division,1.88,1.09,63.37
88,90,Slavia Prague,UEFA Champions League,1.92,1.13,63.19
89,87,Bologna,Italy Serie A,1.8,1.03,63.19
90,107,KAA Gent,Belgian Jupiler League,1.89,1.1,63.16
91,94,FC Augsburg,German Bundesliga,1.85,1.08,62.97
92,91,Guimaraes,Portuguese Liga,1.64,0.91,62.97
93,101,Sporting CP,Portuguese Liga,1.63,0.9,62.86
94,95,Grêmio,Brasileiro Série A,1.65,0.93,62.69
95,86,Mainz,German Bundesliga,1.95,1.18,62.6
96,88,AFC Bournemouth,Barclays Premier League,1.79,1.05,62.54
97,109,Nantes,French Ligue 1,1.53,0.84,62.35
98,97,Montpellier,French Ligue 1,1.5,0.82,62.18
99,98,Atlético Paranaense,Brasileiro Série A,1.42,0.75,62.05
100,105,Real Valladolid,Spanish Primera Division,1.5,0.83,61.97
101,100,Angers,French Ligue 1,1.43,0.77,61.88
102,99,Sampdoria,Italy Serie A,1.72,1.02,61.88
103,104,Young Boys,Swiss Raiffeisen Super League,2.04,1.29,61.88
104,102,Guangzhou Evergrande,Chinese Super League,1.87,1.15,61.79
105,108,Trabzonspor,Turkish Turkcell Super Lig,1.85,1.14,61.53
106,82,Hertha Berlin,German Bundesliga,1.73,1.05,61.42
107,121,FC Midtjylland,Danish SAS-Ligaen,1.68,1.01,61.4
108,114,Bordeaux,French Ligue 1,1.52,0.86,61.36
109,110,Sassuolo,Italy Serie A,1.79,1.1,61.36
110,118,West Bromwich Albion,English League Championship,1.67,1.0,61.19
111,96,SC Freiburg,German Bundesliga,1.8,1.12,61.01
112,111,Aston Villa,Barclays Premier League,1.87,1.2,60.54
113,123,Reims,French Ligue 1,1.37,0.76,60.53
114,106,Norwich City,Barclays Premier League,1.67,1.03,60.42
115,122,Malmo FF,Swedish Allsvenskan,1.64,1.02,60.17
116,116,Mallorca,Spanish Primera Division,1.73,1.1,60.12
117,120,Genoa,Italy Serie A,1.72,1.09,60.08
118,103,Rangers,Scottish Premiership,1.74,1.11,59.95
119,113,Werder Bremen,German Bundesliga,1.74,1.12,59.85
120,119,Istanbul Basaksehir,Turkish Turkcell Super Lig,1.64,1.03,59.8
121,112,Boca Juniors,Argentina Primera Division,1.47,0.88,59.8
122,117,Newcastle,Barclays Premier League,1.59,1.01,59.44
123,124,Feyenoord,Dutch Eredivisie,2.0,1.39,59.01
124,115,Ludogorets,UEFA Europa League,1.64,1.08,58.63
125,126,Shanghai SIPG,Chinese Super League,1.69,1.13,58.37
126,127,Beijing Guoan,Chinese Super League,1.76,1.21,58.34
127,125,Rapid Vienna,Austrian T-Mobile Bundesliga,1.78,1.23,58.29
128,129,Internacional,Brasileiro Série A,1.49,0.97,58.03
129,130,Lokomotiv Moscow,Russian Premier Liga,1.64,1.11,57.92
130,131,Parma,Italy Serie A,1.59,1.07,57.85
131,134,Nice,French Ligue 1,1.58,1.07,57.75
132,133,Los Angeles FC,Major League Soccer,1.98,1.43,57.68
133,137,Cagliari,Italy Serie A,1.67,1.15,57.63
134,138,Monterrey,Mexican Primera Division Torneo Clausura,1.62,1.12,57.43
135,142,Udinese,Italy Serie A,1.56,1.06,57.25
136,147,AEK Athens,Greek Super League,1.41,0.94,57.14
137,139,São Paulo,Brasileiro Série A,1.32,0.85,57.09
138,149,Fortuna Düsseldorf,German Bundesliga,1.68,1.18,57.07
139,136,St Etienne,French Ligue 1,1.45,0.97,57.03
140,140,Tigres UANL,Mexican Primera Division Torneo Clausura,1.56,1.08,56.98
141,135,FC Copenhagen,Danish SAS-Ligaen,1.61,1.13,56.9
142,141,Club América,Mexican Primera Division Torneo Clausura,1.55,1.08,56.85
143,151,SC Paderborn,German Bundesliga,1.73,1.24,56.83
144,143,Red Star Belgrade,UEFA Champions League,1.92,1.43,56.48
145,128,Apoel Nicosia,UEFA Europa League,1.58,1.12,56.47
146,144,Dijon FCO,French Ligue 1,1.46,1.01,56.4
147,146,St Gallen,Swiss Raiffeisen Super League,1.92,1.44,56.28
148,132,Fenerbahce,Turkish Turkcell Super Lig,1.71,1.25,56.23
149,145,Rostov,Russian Premier Liga,1.54,1.09,56.16
150,152,Besiktas,Turkish Turkcell Super Lig,1.73,1.3,55.46
151,150,FC Arsenal Tula,Russian Premier Liga,1.4,0.99,55.46
152,156,Rio Ave,Portuguese Liga,1.44,1.04,55.25
153,148,Nimes,French Ligue 1,1.46,1.07,54.8
154,154,Brest,French Ligue 1,1.55,1.16,54.73
155,155,Fulham,English League Championship,1.5,1.13,54.4
156,157,Ferencvaros,UEFA Europa League,1.59,1.22,54.14
157,158,Torino,Italy Serie A,1.55,1.19,54.1
158,159,Cruz Azul,Mexican Primera Division Torneo Clausura,1.55,1.2,53.67
159,160,Molde,Norwegian Tippeligaen,1.82,1.47,53.66
160,162,Yokohama F. Marinos,Japanese J League,1.76,1.42,53.62
161,163,Atletico Mineiro,Brasileiro Série A,1.42,1.08,53.53
162,161,Sporting de Charleroi,Belgian Jupiler League,1.39,1.06,53.36
163,170,Amiens,French Ligue 1,1.34,1.02,53.21
164,164,Hammarby,Swedish Allsvenskan,1.89,1.56,53.14
165,165,Spartak Moscow,Russian Premier Liga,1.29,0.98,53.0
166,167,Fluminense,Brasileiro Série A,1.35,1.04,52.91
167,169,Corinthians,Brasileiro Série A,1.26,0.96,52.88
168,153,Wolfsberger AC,Austrian T-Mobile Bundesliga,1.6,1.3,52.8
169,171,FK Partizan Belgrade,UEFA Europa League,1.51,1.21,52.7
170,174,Spal,Italy Serie A,1.51,1.21,52.64
171,176,Standard Liege,Belgian Jupiler League,1.55,1.26,52.61
172,179,Genk,Belgian Jupiler League,1.63,1.34,52.55
173,173,FC Utrecht,Dutch Eredivisie,1.7,1.41,52.3
174,175,FK Qarabag,UEFA Europa League,1.44,1.16,52.29
175,178,VfB Stuttgart,German 2. Bundesliga,1.58,1.3,52.18
176,168,Brondby,Danish SAS-Ligaen,1.77,1.49,52.12
177,196,Velez Sarsfield,Argentina Primera Division,1.17,0.9,52.01
178,166,Metz,French Ligue 1,1.31,1.05,51.91
179,208,Anderlecht,Belgian Jupiler League,1.39,1.13,51.85
180,177,Vasco da Gama,Brasileiro Série A,1.34,1.08,51.83
181,182,Stoke City,English League Championship,1.37,1.1,51.78
182,172,Vitesse,Dutch Eredivisie,1.69,1.43,51.7
183,183,Jiangsu Suning FC,Chinese Super League,1.5,1.26,51.28
184,190,Sivasspor,Turkish Turkcell Super Lig,1.6,1.37,51.19
185,185,Kawasaki Frontale,Japanese J League,1.48,1.25,51.15
186,202,Pachuca,Mexican Primera Division Torneo Clausura,1.44,1.21,51.08
187,188,Queens Park Rangers,English League Championship,1.52,1.3,50.99
188,194,Blackburn,English League Championship,1.36,1.13,50.98
189,197,Defensa y Justicia,Argentina Primera Division,1.26,1.03,50.96
190,189,Cruzeiro,Brasileiro Série A,1.18,0.96,50.89
191,181,Alanyaspor,Turkish Turkcell Super Lig,1.4,1.18,50.86
192,186,Santos Laguna,Mexican Primera Division Torneo Clausura,1.57,1.35,50.77
193,191,FC Astana,UEFA Europa League,1.54,1.33,50.65
194,193,Bahía,Brasileiro Série A,1.28,1.07,50.48
195,187,Antwerp,Belgian Jupiler League,1.39,1.19,50.34
196,192,Cardiff City,English League Championship,1.42,1.22,50.19
197,195,Millwall,English League Championship,1.27,1.07,50.18
198,180,Hamburg SV,German 2. Bundesliga,1.51,1.32,50.17
199,184,Lecce,Italy Serie A,1.66,1.48,50.01
200,201,CFR 1907 Cluj,UEFA Europa League,1.48,1.31,49.9
201,199,Shandong Luneng,Chinese Super League,1.6,1.43,49.81
202,200,Ceará,Brasileiro Série A,1.25,1.07,49.77
203,203,Preston North End,English League Championship,1.31,1.14,49.68
204,214,Servette,Swiss Raiffeisen Super League,1.47,1.3,49.57
205,204,Rosenborg,Norwegian Tippeligaen,1.62,1.47,49.37
206,220,SK Sturm Graz,Austrian T-Mobile Bundesliga,1.46,1.31,49.22
207,205,Dinamo Moscow,Russian Premier Liga,1.13,0.97,49.16
208,207,AGF Aarhus,Danish SAS-Ligaen,1.49,1.35,49.05
209,198,Toulouse,French Ligue 1,1.4,1.26,49.0
210,209,Djurgardens IF,Swedish Allsvenskan,1.36,1.23,48.83
211,213,Racing Club,Argentina Primera Division,1.2,1.06,48.82
212,223,Swansea City,English League Championship,1.41,1.28,48.72
213,231,Newell's Old Boys,Argentina Primera Division,1.24,1.1,48.68
214,242,FC Nordsjaelland,Danish SAS-Ligaen,1.58,1.47,48.4
215,212,Nottingham Forest,English League Championship,1.25,1.13,48.36
216,210,León,Mexican Primera Division Torneo Clausura,1.5,1.4,48.16
217,228,Brescia,Italy Serie A,1.45,1.36,48.01
218,211,Birmingham,English League Championship,1.38,1.28,47.96
219,219,Atlanta United FC,Major League Soccer,1.47,1.38,47.92
220,222,Fortaleza,Brasileiro Série A,1.31,1.22,47.7
221,206,CA Independiente,Argentina Primera Division,1.17,1.08,47.6
222,224,Kashima Antlers,Japanese J League,1.27,1.19,47.56
223,225,IFK Norrkoping,Swedish Allsvenskan,1.44,1.36,47.52
224,226,FC Ufa,Russian Premier Liga,1.0,0.9,47.42
225,230,Panathinaikos,Greek Super League,1.12,1.03,47.28
226,227,Aris Salonika,Greek Super League,1.39,1.33,47.16
227,221,Goztepe,Turkish Turkcell Super Lig,1.28,1.22,47.13
228,215,Middlesbrough,English League Championship,1.24,1.17,47.08
229,217,Bristol City,English League Championship,1.37,1.32,47.0
230,232,Reading,English League Championship,1.24,1.18,46.97
231,218,Huddersfield Town,English League Championship,1.27,1.22,46.84
232,233,New York City FC,Major League Soccer,1.49,1.46,46.62
233,234,Gazovik Orenburg,Russian Premier Liga,1.34,1.3,46.62
234,235,Gil Vicente,Portuguese Liga,1.23,1.19,46.57
235,236,Lorient,French Ligue 2,1.36,1.34,46.3
236,216,FC Groningen,Dutch Eredivisie,1.09,1.04,46.29
237,238,Lanus,Argentina Primera Division,1.24,1.21,46.24
238,243,Derby County,English League Championship,1.36,1.35,45.92
239,229,Pumas Unam,Mexican Primera Division Torneo Clausura,1.37,1.36,45.86
240,237,Philadelphia Union,Major League Soccer,1.5,1.51,45.79
241,239,FC Tambov,Russian Premier Liga,1.27,1.26,45.72
242,240,PFC Oleksandriya,UEFA Europa League,1.33,1.33,45.69
243,251,FK Austria Vienna,Austrian T-Mobile Bundesliga,1.53,1.55,45.67
244,246,Santa Clara,Portuguese Liga,1.19,1.18,45.57
245,249,Sheffield Wednesday,English League Championship,1.27,1.27,45.55
246,247,Toronto FC,Major League Soccer,1.49,1.52,45.31
247,244,Hull City,English League Championship,1.39,1.41,45.29
248,248,AIK,Swedish Allsvenskan,1.28,1.3,45.26
249,255,Portimonense,Portuguese Liga,1.19,1.21,45.07
250,250,Ural Sverdlovsk Oblast,Russian Premier Liga,1.28,1.3,45.06
251,241,Querétaro,Mexican Primera Division Torneo Clausura,1.26,1.3,44.73
252,252,Slovan Bratislava,UEFA Europa League,1.26,1.3,44.65
253,262,Heracles,Dutch Eredivisie,1.44,1.5,44.53
254,272,AaB,Danish SAS-Ligaen,1.3,1.36,44.19
255,253,Moreirense,Portuguese Liga,1.27,1.33,44.16
256,265,Talleres de Córdoba,Argentina Primera Division,1.18,1.24,43.98
257,257,Wigan,English League Championship,1.19,1.26,43.87
258,259,Los Angeles Galaxy,Major League Soccer,1.81,1.94,43.78
259,279,Girona FC,Spanish Segunda Division,1.22,1.3,43.61
260,267,Guadalajara,Mexican Primera Division Torneo Clausura,1.3,1.4,43.6
261,261,Chicago Fire,Major League Soccer,1.45,1.56,43.52
262,245,Willem II,Dutch Eredivisie,1.5,1.62,43.46
263,258,Arminia Bielefeld,German 2. Bundesliga,1.25,1.34,43.41
264,260,FC Luzern,Swiss Raiffeisen Super League,1.3,1.4,43.37
265,266,Inter Miami CF,Major League Soccer,1.34,1.45,43.32
266,270,Goiás,Brasileiro Série A,1.33,1.44,43.18
267,254,Argentinos Juniors,Argentina Primera Division,0.99,1.05,43.16
268,271,Seattle Sounders FC,Major League Soccer,1.39,1.51,43.13
269,288,Barnsley,English League Championship,1.26,1.38,43.01
270,275,Terek Grozny,Russian Premier Liga,0.98,1.06,42.99
271,256,KV Kortrijk,Belgian Jupiler League,1.33,1.45,42.93
272,280,Necaxa,Mexican Primera Division Torneo Clausura,1.29,1.41,42.91
273,290,Rayo Vallecano,Spanish Segunda Division,1.08,1.17,42.83
274,276,Boavista,Portuguese Liga,1.01,1.1,42.54
275,281,Sochi,Russian Premier Liga,1.18,1.31,42.53
276,269,Estudiantes,Argentina Primera Division,1.01,1.11,42.48
277,287,Famalicao,Portuguese Liga,1.29,1.44,42.45
278,283,Cerezo Osaka,Japanese J League,0.96,1.06,42.37
279,297,Morelia,Mexican Primera Division Torneo Clausura,1.3,1.45,42.36
280,277,Randers FC,Danish SAS-Ligaen,1.29,1.45,42.28
281,274,Guingamp,French Ligue 2,1.23,1.38,42.16
282,299,Real Zaragoza,Spanish Segunda Division,1.13,1.28,41.99
283,285,New York Red Bulls,Major League Soccer,1.41,1.59,41.98
284,273,Rosario Central,Argentina Primera Division,1.1,1.24,41.97
285,286,Rubin Kazan,Russian Premier Liga,0.88,0.98,41.96
286,264,Yeni Malatyaspor,Turkish Turkcell Super Lig,1.34,1.53,41.79
287,284,Heerenveen,Dutch Eredivisie,1.52,1.73,41.69
288,263,Arsenal Sarandi,Argentina Primera Division,1.23,1.41,41.52
289,282,Banfield,Argentina Primera Division,1.02,1.16,41.51
290,292,Tianjin Teda,Chinese Super League,1.28,1.47,41.44
291,294,Portland Timbers,Major League Soccer,1.44,1.66,41.32
292,289,Atlético Tucumán,Argentina Primera Division,1.08,1.25,41.29
293,295,Krylia Sovetov,Russian Premier Liga,1.09,1.26,41.21
294,278,Mouscron-Peruwelz,Belgian Jupiler League,1.23,1.42,41.2
295,296,Odense BK,Danish SAS-Ligaen,1.15,1.34,41.04
296,298,FC Dallas,Major League Soccer,1.37,1.6,40.98
297,293,FC Lugano,Swiss Raiffeisen Super League,1.08,1.26,40.92
298,326,Gazisehir Gaziantep,Turkish Turkcell Super Lig,1.26,1.48,40.78
299,309,Sparta,Dutch Eredivisie,1.35,1.58,40.77
300,291,Almeria,Spanish Segunda Division,1.15,1.35,40.73
301,301,Sanfrecce Hiroshima,Japanese J League,1.03,1.22,40.64
302,319,Patronato,Argentina Primera Division,1.19,1.41,40.55
303,340,KV Mechelen,Belgian Jupiler League,1.32,1.57,40.26
304,300,San Lorenzo,Argentina Primera Division,1.06,1.27,40.24
305,317,Atlético San Luis,Mexican Primera Division Torneo Clausura,1.17,1.41,40.21
306,303,SV Zulte Waregem,Belgian Jupiler League,1.35,1.61,40.15
307,304,San Jose Earthquakes,Major League Soccer,1.4,1.68,40.13
308,307,Cashpoint SC Rheindorf Altach,Austrian T-Mobile Bundesliga,1.34,1.6,40.09
309,312,Union Santa Fe,Argentina Primera Division,1.01,1.22,39.94
310,310,Chapecoense AF,Brasileiro Série A,1.05,1.27,39.91
311,308,Tijuana,Mexican Primera Division Torneo Clausura,1.1,1.35,39.63
312,314,Gamba Osaka,Japanese J League,1.33,1.62,39.58
313,332,Gimnasia La Plata,Argentina Primera Division,0.98,1.2,39.57
314,306,Pacos Ferreira,Portuguese Liga,1.06,1.3,39.54
315,302,St. Truidense,Belgian Jupiler League,1.29,1.58,39.49
316,313,Perth Glory,Australian A-League,1.27,1.56,39.49
317,322,Maritimo,Portuguese Liga,0.98,1.21,39.46
318,315,Vissel Kobe,Japanese J League,1.6,1.94,39.43
319,316,Botafogo,Brasileiro Série A,1.03,1.27,39.41
320,318,FC Tokyo,Japanese J League,0.98,1.21,39.39
321,320,Sydney FC,Australian A-League,1.31,1.6,39.36
322,338,Charlton Athletic,English League Championship,1.16,1.44,39.13
323,353,Benevento,Italy Serie B,1.06,1.32,39.13
324,311,Tondela,Portuguese Liga,1.07,1.33,39.11
325,321,Central Córdoba Santiago del Estero,Argentina Primera Division,1.04,1.3,39.08
326,323,Belenenses,Portuguese Liga,1.13,1.41,38.83
327,325,Asteras Tripolis,Greek Super League,1.0,1.26,38.83
328,328,Arizona United,United Soccer League,1.36,1.7,38.69
329,329,Shanghai Greenland,Chinese Super League,1.34,1.68,38.68
330,330,Henan Jianye,Chinese Super League,1.25,1.57,38.55
331,331,Minnesota United FC,Major League Soccer,1.25,1.58,38.54
332,352,Troyes,French Ligue 2,1.0,1.28,38.5
333,305,Atlas,Mexican Primera Division Torneo Clausura,1.1,1.4,38.48
334,268,Lens,French Ligue 2,1.02,1.3,38.37
335,334,Hebei China Fortune FC,Chinese Super League,1.29,1.65,38.14
336,327,Cadiz,Spanish Segunda Division,0.96,1.25,38.09
337,336,BK Hacken,Swedish Allsvenskan,1.12,1.44,38.08
338,335,Mamelodi Sundowns,South African ABSA Premier League,1.0,1.29,38.06
339,337,Kaizer Chiefs,South African ABSA Premier League,1.09,1.4,38.04
340,342,FC Juárez,Mexican Primera Division Torneo Clausura,1.17,1.51,37.97
341,333,Toluca,Mexican Primera Division Torneo Clausura,1.19,1.54,37.74
342,350,Puebla,Mexican Primera Division Torneo Clausura,1.08,1.41,37.73
343,351,Hartberg,Austrian T-Mobile Bundesliga,1.5,1.92,37.66
344,341,Vitoria Setubal,Portuguese Liga,0.95,1.25,37.63
345,343,Wuhan Zall,Chinese Super League,1.17,1.53,37.62
346,361,Málaga,Spanish Segunda Division,0.82,1.09,37.62
347,344,New England Revolution,Major League Soccer,1.36,1.76,37.58
348,347,Hannover 96,German 2. Bundesliga,1.17,1.53,37.53
349,324,Caykur Rizespor,Turkish Turkcell Super Lig,1.13,1.49,37.45
350,339,Holstein Kiel,German 2. Bundesliga,1.29,1.68,37.39
351,345,Sporting Kansas City,Major League Soccer,1.37,1.78,37.38
352,346,Columbus Crew,Major League Soccer,1.12,1.47,37.36
353,349,FC Twente,Dutch Eredivisie,1.24,1.64,37.2
354,354,Desportivo Aves,Portuguese Liga,1.06,1.41,37.07
355,355,Real Salt Lake,Major League Soccer,1.01,1.36,36.98
356,356,Colorado Rapids,Major League Soccer,1.36,1.79,36.83
357,359,Dalian Aerbin,Chinese Super League,1.29,1.73,36.66
358,363,Genclerbirligi,Turkish Turkcell Super Lig,1.18,1.59,36.61
359,377,Sunderland,English League One,0.98,1.35,36.49
360,358,PEC Zwolle,Dutch Eredivisie,1.32,1.79,36.15
361,360,Huracán,Argentina Primera Division,0.92,1.29,36.03
362,385,Emmen,Dutch Eredivisie,1.18,1.62,36.03
363,362,Atromitos,Greek Super League,0.93,1.32,35.87
364,367,Bodo/Glimt,Norwegian Tippeligaen,1.32,1.8,35.87
365,368,CSA,Brasileiro Série A,1.03,1.44,35.79
366,369,IFK Goteborg,Swedish Allsvenskan,1.12,1.56,35.71
367,357,SD Huesca,Spanish Segunda Division,0.99,1.4,35.57
368,370,Orlando Pirates,South African ABSA Premier League,1.09,1.52,35.57
369,348,Clermont Foot,French Ligue 2,0.95,1.35,35.55
370,364,Elche,Spanish Segunda Division,1.02,1.44,35.5
371,416,Caen,French Ligue 2,1.08,1.52,35.47
372,382,Aldosivi,Argentina Primera Division,0.87,1.26,35.44
373,365,SV Sandhausen,German 2. Bundesliga,1.13,1.59,35.41
374,372,F91 Dudelange,UEFA Europa League,1.4,1.94,35.14
375,381,1. FC Heidenheim 1846,German 2. Bundesliga,1.03,1.48,35.12
376,378,FC Sion,Swiss Raiffeisen Super League,1.18,1.66,35.1
377,373,DC United,Major League Soccer,1.14,1.62,35.05
378,374,Peterborough United,English League One,1.24,1.75,35.01
379,376,Houston Dynamo,Major League Soccer,1.23,1.74,34.92
380,371,FC Zurich,Swiss Raiffeisen Super League,1.22,1.72,34.89
381,379,Chongqing Lifan,Chinese Super League,1.08,1.56,34.78
382,387,ADO Den Haag,Dutch Eredivisie,1.29,1.84,34.5
383,395,AC Ajaccio,French Ligue 2,0.92,1.37,34.42
384,366,Aberdeen,Scottish Premiership,1.01,1.49,34.2
385,393,Rotherham United,English League One,1.16,1.7,33.93
386,375,Luton Town,English League Championship,1.11,1.65,33.86
387,386,Konyaspor,Turkish Turkcell Super Lig,0.87,1.33,33.85
388,383,1. FC Nürnberg,German 2. Bundesliga,1.1,1.63,33.77
389,390,Guangzhou RF,Chinese Super League,1.44,2.07,33.73
390,400,Tenerife,Spanish Segunda Division,0.96,1.45,33.66
391,391,Orlando City SC,Major League Soccer,1.22,1.79,33.65
392,392,Melbourne City,Australian A-League,1.15,1.7,33.62
393,409,FC St. Pauli,German 2. Bundesliga,1.01,1.53,33.6
394,384,Hibernian,Scottish Premiership,1.1,1.64,33.59
395,394,Tianjin Quanujian,Chinese Super League,1.16,1.73,33.51
396,399,Jahn Regensburg,German 2. Bundesliga,1.19,1.78,33.41
397,398,Consadole Sapporo,Japanese J League,1.15,1.72,33.38
398,411,Frosinone,Italy Serie B,0.88,1.37,33.31
399,396,Kasimpasa,Turkish Turkcell Super Lig,1.31,1.93,33.29
400,405,Sporting Gijón,Spanish Segunda Division,0.79,1.25,33.23
401,402,Neuchatel Xamax,Swiss Raiffeisen Super League,1.09,1.65,33.21
402,403,Las Palmas,Spanish Segunda Division,0.91,1.42,33.07
403,388,Numancia,Spanish Segunda Division,0.91,1.43,33.01
404,380,Le Havre,French Ligue 2,0.91,1.43,32.94
405,389,OFI Crete,Greek Super League,0.96,1.5,32.9
406,404,Viking FK,Norwegian Tippeligaen,1.19,1.8,32.76
407,406,Shenzhen FC,Chinese Super League,1.19,1.81,32.64
408,414,Crotone,Italy Serie B,1.04,1.62,32.6
409,397,Mirandes,Spanish Segunda Division,1.08,1.68,32.55
410,408,Avaí,Brasileiro Série A,0.87,1.4,32.37
411,437,Cittadella,Italy Serie B,0.96,1.53,32.24
412,436,VVV Venlo,Dutch Eredivisie,1.13,1.78,31.83
413,413,Montreal Impact,Major League Soccer,1.11,1.76,31.83
414,468,Oxford United,English League One,1.0,1.61,31.73
415,415,SpVgg Greuther Fürth,German 2. Bundesliga,1.08,1.72,31.72
416,412,SV Mattersburg,Austrian T-Mobile Bundesliga,1.15,1.82,31.64
417,401,Colon Santa Fe,Argentina Primera Division,0.87,1.45,31.59
418,418,Thun,Swiss Raiffeisen Super League,1.18,1.86,31.56
419,407,SD Ponferradina,Spanish Segunda Division,0.9,1.48,31.55
420,410,Deportivo La Coruña,Spanish Segunda Division,0.87,1.44,31.5
421,454,Antalyaspor,Turkish Turkcell Super Lig,1.05,1.7,31.35
422,423,VfL Osnabruck,German 2. Bundesliga,1.0,1.64,31.12
423,417,Bidvest Wits,South African ABSA Premier League,0.86,1.46,31.12
424,434,Lyngby,Danish SAS-Ligaen,1.0,1.66,30.86
425,425,Fuenlabrada,Spanish Segunda Division,0.74,1.29,30.86
426,424,Sonderjyske,Danish SAS-Ligaen,1.09,1.79,30.79
427,433,SV Darmstadt 98,German 2. Bundesliga,0.97,1.62,30.77
428,429,Larissa,Greek Super League,0.76,1.35,30.49
429,440,Kilmarnock,Scottish Premiership,0.92,1.58,30.48
430,432,Livingston,Scottish Premiership,0.99,1.68,30.37
431,422,Real Oviedo,Spanish Segunda Division,0.92,1.58,30.37
432,430,Haugesund,Norwegian Tippeligaen,1.01,1.7,30.35
433,421,Portsmouth,English League One,0.91,1.59,30.05
434,427,Ankaragucu,Turkish Turkcell Super Lig,0.95,1.64,30.04
435,420,Denizlispor,Turkish Turkcell Super Lig,0.9,1.57,30.02
436,435,Spezia,Italy Serie B,0.85,1.52,29.74
437,444,Miami FC,United Soccer League,1.07,1.83,29.63
438,446,Vegalta Sendai,Japanese J League,0.88,1.57,29.56
439,442,AD Alcorcon,Spanish Segunda Division,0.76,1.4,29.55
440,448,IF Elfsborg,Swedish Allsvenskan,1.03,1.79,29.51
441,453,Lamia,Greek Super League,0.65,1.24,29.49
442,466,Cercle Brugge,Belgian Jupiler League,1.02,1.77,29.33
443,426,FC Trenkwalder Admira,Austrian T-Mobile Bundesliga,1.09,1.88,29.29
444,431,Adelaide United,Australian A-League,1.19,2.02,29.25
445,439,VfL Bochum,German 2. Bundesliga,1.04,1.81,29.18
446,449,Odd BK,Norwegian Tippeligaen,1.02,1.79,29.15
447,465,Wellington Phoenix,Australian A-League,1.13,1.93,29.15
448,428,Esbjerg,Danish SAS-Ligaen,0.91,1.64,29.06
449,450,Newcastle Jets,Australian A-League,1.16,1.99,29.02
450,441,AS Nancy Lorraine,French Ligue 2,0.74,1.39,29.01
451,452,Stabaek,Norwegian Tippeligaen,0.94,1.68,29.0
452,443,Auxerre,French Ligue 2,0.76,1.42,28.91
453,419,Eupen,Belgian Jupiler League,1.01,1.79,28.91
454,475,Western Sydney FC,Australian A-League,1.17,2.01,28.86
455,461,Karlsruher SC,German 2. Bundesliga,1.03,1.83,28.77
456,451,Motherwell,Scottish Premiership,0.87,1.6,28.75
457,460,Fortuna Sittard,Dutch Eredivisie,1.13,1.97,28.75
458,445,Valenciennes,French Ligue 2,0.76,1.45,28.75
459,455,Chievo Verona,Italy Serie B,0.82,1.53,28.75
460,463,Godoy Cruz,Argentina Primera Division,0.91,1.66,28.74
461,438,Grenoble,French Ligue 2,0.76,1.45,28.59
462,462,Coventry City,English League One,0.84,1.57,28.45
463,447,Hobro IK,Danish SAS-Ligaen,0.85,1.59,28.45
464,457,Urawa Red Diamonds,Japanese J League,0.96,1.74,28.44
465,459,Kristiansund BK,Norwegian Tippeligaen,1.0,1.82,28.27
466,456,Melbourne Victory,Australian A-League,1.09,1.94,28.23
467,464,Nagoya Grampus Eight,Japanese J League,1.01,1.84,28.06
468,469,Orange County SC,United Soccer League,1.03,1.89,27.67
469,472,Empoli,Italy Serie B,0.9,1.71,27.64
470,470,Tampa Bay Rowdies,United Soccer League,0.99,1.84,27.55
471,467,Erzgebirge Aue,German 2. Bundesliga,0.86,1.66,27.5
472,471,San Antonio FC,United Soccer League,1.14,2.06,27.39
473,458,Ipswich Town,English League One,0.82,1.62,27.13
474,484,Extremadura UD,Spanish Segunda Division,0.71,1.46,27.09
475,479,KV Oostende,Belgian Jupiler League,0.92,1.78,26.88
476,478,SuperSport United,South African ABSA Premier League,0.75,1.53,26.84
477,480,Guizhou Renhe,Chinese Super League,0.94,1.82,26.81
478,485,Lugo,Spanish Segunda Division,0.74,1.53,26.59
479,477,FC Xanthi,Greek Super League,0.64,1.38,26.56
480,473,RKC,Dutch Eredivisie,0.99,1.91,26.44
481,482,Indy Eleven,United Soccer League,0.86,1.72,26.36
482,486,Kayserispor,Turkish Turkcell Super Lig,1.1,2.08,26.25
483,483,Shimizu S-Pulse,Japanese J League,1.07,2.03,26.23
484,487,Nashville SC,Major League Soccer,0.86,1.74,26.12
485,496,Silkeborg,Danish SAS-Ligaen,1.03,1.99,26.11
486,498,Albacete,Spanish Segunda Division,0.68,1.47,26.1
487,489,St. Pölten,Austrian T-Mobile Bundesliga,1.0,1.95,26.08
488,488,Louisville City FC,United Soccer League,0.98,1.92,26.08
489,497,Sochaux,French Ligue 2,0.72,1.53,26.08
490,509,WSG Swarovski Wattens,Austrian T-Mobile Bundesliga,1.05,2.02,26.05
491,474,Racing Santander,Spanish Segunda Division,0.73,1.54,26.01
492,491,Valerenga,Norwegian Tippeligaen,0.9,1.82,25.91
493,492,Stromsgodset,Norwegian Tippeligaen,1.02,1.99,25.85
494,494,SK Brann,Norwegian Tippeligaen,0.81,1.69,25.72
495,495,SV Wehen Wiesbaden,German 2. Bundesliga,0.85,1.76,25.65
496,481,Doncaster Rovers,English League One,0.8,1.69,25.49
497,502,Fleetwood Town,English League One,0.8,1.7,25.4
498,499,Panetolikos,Greek Super League,0.76,1.63,25.35
499,493,Volos NFC,Greek Super League,0.71,1.57,25.27
500,514,Paris FC,French Ligue 2,0.71,1.57,25.16
501,500,Oita Trinita,Japanese J League,0.65,1.48,25.06
502,476,Waasland-Beveren,Belgian Jupiler League,0.93,1.91,25.01
503,504,Veracruz,Mexican Primera Division Torneo Apertura,0.87,1.83,24.89
504,505,Dynamo Dresden,German 2. Bundesliga,0.8,1.73,24.79
505,540,Chateauroux,French Ligue 2,0.73,1.64,24.54
506,507,Brisbane Roar,Australian A-League,0.95,1.98,24.43
507,519,Chambly Thelle FC,French Ligue 2,0.7,1.6,24.34
508,503,Rodez,French Ligue 2,0.72,1.64,24.23
509,490,Virtus Entella,Italy Serie B,0.78,1.74,24.22
510,511,Vancouver Whitecaps,Major League Soccer,0.93,1.98,24.08
511,512,Sacramento Republic FC,United Soccer League,0.89,1.91,24.07
512,513,Sagan Tosu,Japanese J League,0.74,1.69,24.05
513,501,Cosenza,Italy Serie B,0.69,1.62,23.83
514,508,Salernitana,Italy Serie B,0.73,1.69,23.8
515,515,Reno 1868 FC,United Soccer League,0.94,2.03,23.59
516,518,Black Aces,South African ABSA Premier League,0.8,1.82,23.39
517,522,Bloem Celtic,South African ABSA Premier League,0.83,1.88,23.23
518,520,Cremonese,Italy Serie B,0.73,1.74,23.13
519,521,Orebro SK,Swedish Allsvenskan,0.9,2.0,23.1
520,516,Perugia,Italy Serie B,0.73,1.74,23.02
521,523,Austin Bold FC,United Soccer League,0.88,1.97,23.02
522,510,Western United,Australian A-League,0.87,1.96,22.98
523,527,Sarpsborg,Norwegian Tippeligaen,0.75,1.78,22.79
524,525,Gillingham,English League One,0.61,1.56,22.78
525,528,Pittsburgh Riverhounds,United Soccer League,0.78,1.83,22.77
526,529,IK Sirius,Swedish Allsvenskan,0.84,1.93,22.74
527,533,Niort,French Ligue 2,0.76,1.82,22.64
528,526,Pordenone Calcio,Italy Serie B,0.77,1.83,22.63
529,524,US Pescara,Italy Serie B,0.78,1.84,22.57
530,530,Real Monarchs SLC,United Soccer League,0.96,2.13,22.51
531,517,Le Mans,French Ligue 2,0.76,1.82,22.51
532,506,AC Horsens,Danish SAS-Ligaen,0.75,1.81,22.42
533,544,St Johnstone,Scottish Premiership,0.74,1.8,22.4
534,531,Shonan Bellmare,Japanese J League,0.86,1.99,22.29
535,532,Maritzburg Utd,South African ABSA Premier League,0.52,1.45,22.14
536,535,Burton Albion,English League One,0.86,2.01,22.12
537,534,Helsingborgs IF,Swedish Allsvenskan,0.76,1.85,22.03
538,536,Östersunds FK,Swedish Allsvenskan,0.81,1.95,21.77
539,537,FC Cincinnati,Major League Soccer,0.85,2.03,21.63
540,542,Swindon Town,English League Two,0.82,1.97,21.59
541,538,Hearts,Scottish Premiership,0.81,1.98,21.46
542,539,North Carolina FC,United Soccer League,0.85,2.05,21.43
543,541,F.B.C Unione Venezia,Italy Serie B,0.62,1.69,20.94
544,545,St Mirren,Scottish Premiership,0.64,1.76,20.61
545,558,Orléans,French Ligue 2,0.73,1.9,20.61
546,546,Aalesund,Norwegian Tippeligaen,0.73,1.92,20.51
547,547,Mjondalen,Norwegian Tippeligaen,0.79,2.01,20.46
548,548,Jubilo Iwata,Japanese J League,0.61,1.73,20.35
549,550,Portland Timbers 2,United Soccer League,0.96,2.3,20.3
550,543,Accrington Stanley,English League One,0.78,2.01,20.28
551,549,Milton Keynes Dons,English League One,0.66,1.81,20.27
552,556,Highlands Park FC,South African ABSA Premier League,0.61,1.73,20.24
553,567,Ross County,Scottish Premiership,0.76,2.01,19.82
554,551,Blackpool,English League One,0.66,1.86,19.56
555,554,Pisa,Italy Serie B,0.72,1.97,19.53
556,552,Panionios,Greek Super League,0.55,1.67,19.51
557,555,Ascoli,Italy Serie B,0.7,1.94,19.36
558,553,Lincoln City,English League One,0.65,1.87,19.27
559,565,Wycombe Wanderers,English League One,0.64,1.85,19.22
560,557,Saint Louis FC,United Soccer League,0.68,1.93,19.16
561,564,Crewe Alexandra,English League Two,0.77,2.1,18.98
562,561,Mjallby,Swedish Allsvenskan,0.66,1.93,18.7
563,562,Oklahoma City Energy FC,United Soccer League,0.74,2.08,18.63
564,566,New Mexico United,United Soccer League,0.77,2.16,18.33
565,563,Hamilton Academical,Scottish Premiership,0.72,2.08,18.21
566,568,Kalmar FF,Swedish Allsvenskan,0.62,1.89,18.17
567,570,El Paso Locomotive FC,United Soccer League,0.62,1.92,17.95
568,571,IK Start,Norwegian Tippeligaen,0.64,1.97,17.88
569,572,Golden Arrows,South African ABSA Premier League,0.48,1.67,17.68
570,560,Plymouth Argyle,English League Two,0.65,1.99,17.64
571,573,San Diego Loyal SC,United Soccer League,0.68,2.06,17.63
572,575,Matsumoto Yamaga FC,Japanese J League,0.39,1.53,17.45
573,559,Juve Stabia,Italy Serie B,0.64,2.0,17.33
574,574,Livorno,Italy Serie B,0.62,1.97,17.29
575,576,Sandefjord,Norwegian Tippeligaen,0.62,1.98,17.15
576,578,Trapani,Italy Serie B,0.62,2.02,16.79
577,569,Exeter City,English League Two,0.64,2.06,16.71
578,577,Central Coast Mariners,Australian A-League,0.77,2.3,16.55
579,579,Charlotte Independence,United Soccer League,0.65,2.12,16.26
580,580,Cheltenham Town,English League Two,0.49,1.83,16.09
581,582,Polokwane City FC,South African ABSA Premier League,0.48,1.86,15.62
582,583,Birmingham Legion FC,United Soccer League,0.61,2.12,15.43
583,584,Charleston Battery,United Soccer League,0.56,2.04,15.31
584,588,Northampton Town,English League Two,0.56,2.07,14.91
585,587,Colchester United,English League Two,0.53,2.03,14.73
586,586,Falkenbergs FF,Swedish Allsvenskan,0.59,2.14,14.7
587,585,Bristol Rovers,English League One,0.48,1.99,14.07
588,589,Stellenbosch FC,South African ABSA Premier League,0.41,1.85,13.98
589,590,Chippa United,South African ABSA Premier League,0.29,1.61,13.66
590,598,Shrewsbury Town,English League One,0.37,1.79,13.64
591,581,AFC Wimbledon,English League One,0.47,2.02,13.61
592,591,Rochdale,English League One,0.55,2.2,13.38
593,593,Varbergs BoIS FC,Swedish Allsvenskan,0.47,2.04,13.37
594,594,LA Galaxy II,United Soccer League,0.61,2.33,13.28
595,595,Memphis 901 FC,United Soccer League,0.51,2.14,13.27
596,596,Black Leopards,South African ABSA Premier League,0.45,2.0,13.26
597,597,New York Red Bulls II,United Soccer League,0.62,2.37,13.13
598,599,AmaZulu,South African ABSA Premier League,0.31,1.73,13.01
599,592,Salford City,English League Two,0.49,2.12,12.89
600,600,Bradford City,English League Two,0.43,2.06,12.37
601,601,Port Vale,English League Two,0.44,2.09,12.19
602,603,Scunthorpe,English League Two,0.5,2.25,11.92
603,602,Baroka FC,South African ABSA Premier League,0.21,1.59,11.9
604,604,Loudoun United FC,United Soccer League,0.6,2.48,11.82
605,605,Hartford Athletic,United Soccer League,0.62,2.53,11.76
606,606,Colorado Springs Switchbacks FC,United Soccer League,0.47,2.23,11.67
607,607,Tulsa Roughnecks,United Soccer League,0.53,2.37,11.49
608,609,Crawley Town,English League Two,0.45,2.2,11.43
609,608,Mansfield Town,English League Two,0.51,2.38,10.97
610,610,Tacoma Defiance,United Soccer League,0.54,2.47,10.76
611,611,Las Vegas Lights FC,United Soccer League,0.46,2.32,10.62
612,612,Southend United,English League One,0.55,2.66,9.65
613,619,Oldham Athletic,English League Two,0.41,2.34,9.51
614,613,Bolton,English League One,0.41,2.37,9.43
615,617,Leyton Orient,English League Two,0.41,2.38,9.41
616,616,Newport County,English League Two,0.2,1.85,9.38
617,615,Tranmere Rovers,English League One,0.35,2.25,9.29
618,620,Rio Grande Valley FC Toros,United Soccer League,0.37,2.3,9.2
619,618,Grimsby Town,English League Two,0.32,2.19,9.11
620,614,Forest Green Rovers,English League Two,0.33,2.22,9.03
621,621,Walsall,English League Two,0.34,2.28,8.75
622,622,Atlanta United 2,United Soccer League,0.42,2.6,8.0
623,623,Swope Park Rangers,United Soccer League,0.39,2.63,7.41
624,624,Carlisle United,English League Two,0.27,2.31,7.37
625,625,Bethlehem Steel FC,United Soccer League,0.4,2.69,7.22
626,626,Macclesfield,English League Two,0.2,2.2,6.95
627,628,Cambridge United,English League Two,0.2,2.23,6.74
628,627,Stevenage,English League Two,0.2,2.26,6.6
629,629,Morecambe,English League Two,0.23,2.44,6.16
